id;nombre;apellido;identificacion;evento_id
1;solidly;beside;wavy afterwards;1
2;statement without license;hence striking treasure;unethically till;2
3;scare swelter;feline except mesh;prance unabashedly;3
4;ick boastfully evince;factorise miserably;yet;4
5;archive angrily zowie;dead provided fowl;below;5
6;deprave;eek unlike;intermix disk;6
7;voluntarily hungrily ew;whenever brr now;neatly;7
8;onto;treasure;fairly fooey psst;8
9;forenenst;however expatiate;angelic fowl restaurant;9
10;beneath until;bruised;amid meanwhile igloo;10
